{
  "sheetsById": {
    "Demo Sheet": {
      "staticOverrides": {
        "byObject": {
          "Cube": {
            "position": {
              "x": 1.2297618099178709,
              "y": 1.0418533608706624,
              "z": 1.4844092567653175
            },
            "rotation": {
              "x": -0.12943199560213958,
              "y": -0.43709975465104756,
              "z": -1.0538809858111122
            }
          },
          "Camera": {
            "rotation": {
              "x": -1.016555061121148,
              "y": 0.5031993074705898,
              "z": 0.6839605255911382
            },
            "position": {
              "x": 3.3354568717188657,
              "y": 3.1100000000001002,
              "z": 5.45434632547426
            },
            "scale": {
              "x": 1,
              "y": 1,
              "z": 1
            }
          }
        }
      },
      "sequence": {
        "subUnitsPerUnit": 30,
        "length": 16,
        "type": "PositionalSequence",
        "tracksByObject": {
          "Camera": {
            "trackData": {
              "0sJAQ7cYTa": {
                "type": "BasicKeyframedTrack",
                "__debugName": "Camera:[\"rotation\",\"z\"]",
                "keyframes": [
                  {
                    "id": "O5cSnP0WjA",
                    "position": 0,
                    "connectedRight": true,
                    "handles": [
                      0.5,
                      1,
                      0.5,
                      0
                    ],
                    "value": 0.6839605255911382
                  },
                  {
                    "id": "WbAvZqCKF4",
                    "position": 1.533,
                    "connectedRight": true,
                    "handles": [
                      0.5,
                      1,
                      0.5,
                      0
                    ],
                    "value": 0.613960525591138
                  },
                  {
                    "id": "wNW3h4B2o6",
                    "position": 2,
                    "connectedRight": true,
                    "handles": [
                      0.5,
                      1,
                      0.5,
                      0
                    ],
                    "value": 0.613960525591138
                  },
                  {
                    "id": "MbM69qr7UM",
                    "position": 8.267,
                    "connectedRight": true,
                    "handles": [
                      0.5,
                      1,
                      0.5,
                      0
                    ],
                    "value": 0.013960525591137848
                  },
                  {
                    "id": "6ydHRxZLTs",
                    "position": 12.967,
                    "connectedRight": true,
                    "handles": [
                      0.5,
                      1,
                      0.5,
                      0
                    ],
                    "value": 0.013960525591137848
                  },
                  {
                    "id": "d-hpvX-Gjn",
                    "position": 15,
                    "connectedRight": true,
                    "handles": [
                      0.5,
                      1,
                      0.5,
                      0
                    ],
                    "value": 0.7539605255911379
                  }
                ]
              },
              "Kd7EAcIBUB": {
                "type": "BasicKeyframedTrack",
                "__debugName": "Camera:[\"rotation\",\"y\"]",
                "keyframes": [
                  {
                    "id": "NhFOrYEvLC",
                    "position": 0,
                    "connectedRight": true,
                    "handles": [
                      0.5,
                      1,
                      0.5,
                      0
                    ],
                    "value": 0.5031993074705898
                  },
                  {
                    "id": "Yi4y9xsasq",
                    "position": 1.533,
                    "connectedRight": true,
                    "handles": [
                      0.5,
                      1,
                      0.5,
                      0
                    ],
                    "value": 0.8631993074705901
                  },
                  {
                    "id": "uvq95fgRag",
                    "position": 2,
                    "connectedRight": true,
                    "handles": [
                      0.5,
                      1,
                      0.5,
                      0
                    ],
                    "value": 0.8631993074705901
                  },
                  {
                    "id": "fuWb5DJo8i",
                    "position": 8.267,
                    "connectedRight": true,
                    "handles": [
                      0.5,
                      1,
                      0.5,
                      0
                    ],
                    "value": 0.06319930747058963
                  },
                  {
                    "id": "XmzfEdkoVk",
                    "position": 12.033,
                    "connectedRight": true,
                    "handles": [
                      0.5,
                      1,
                      0.5,
                      0
                    ],
                    "value": -0.1968006925294104
                  },
                  {
                    "id": "lT4qF4jOXj",
                    "position": 12.967,
                    "connectedRight": true,
                    "handles": [
                      0.5,
                      1,
                      0.5,
                      0
                    ],
                    "value": -0.1968006925294104
                  },
                  {
                    "id": "H0OI0Kn3qO",
                    "position": 15,
                    "connectedRight": true,
                    "handles": [
                      0.5,
                      1,
                      0.5,
                      0
                    ],
                    "value": 1.2531993074705903
                  }
                ]
              },
              "zBM2WZi2rq": {
                "type": "BasicKeyframedTrack",
                "__debugName": "Camera:[\"rotation\",\"x\"]",
                "keyframes": [
                  {
                    "id": "iFCGFoIC6m",
                    "position": 0,
                    "connectedRight": true,
                    "handles": [
                      0.5,
                      1,
                      0.5,
                      0
                    ],
                    "value": -1.016555061121148
                  },
                  {
                    "id": "rfQsmWvid_",
                    "position": 1.533,
                    "connectedRight": true,
                    "handles": [
                      0.5,
                      1,
                      0.5,
                      0
                    ],
                    "value": -0.7765550611211478
                  },
                  {
                    "id": "vMq6o31pLg",
                    "position": 2,
                    "connectedRight": true,
                    "handles": [
                      0.5,
                      1,
                      0.5,
                      0
                    ],
                    "value": -0.7765550611211478
                  },
                  {
                    "id": "R7mXQtUPK3",
                    "position": 8.267,
                    "connectedRight": true,
                    "handles": [
                      0.5,
                      1,
                      0.5,
                      0
                    ],